"Edad","exposicion","muertes","qx_crudo","qx_graduado"
0,21240.9890485968,5,0.000235393935214627,1.46150151555832e-08
2,28361.5646817248,3,0.000105776956725279,3.21681820454928e-09
3,32464.052019165,5,0.000154016510232558,1.91402302918229e-09
4,36810.3552361396,4,0.000108665074660102,1.31325601254545e-09
5,41658.3757700205,2,4.80095530138096e-05,1.01658636241607e-09
6,46910.2313483915,1,2.13173111974919e-05,8.77900445340764e-10
8,58432.3490759754,2,3.42276158947426e-05,8.60863719915157e-10
9,64417.0924024641,5,7.76191506558707e-05,9.53142845372349e-10
10,68959.8911704312,10,0.000145011829779218,1.13919558858074e-09
11,72643.6036960986,4,5.50633475830003e-05,1.42981209759463e-09
12,75465.234770705,6,7.95068089065185e-05,1.85369373481345e-09
13,77285.1663244353,10,0.00012939093587534,2.44796803789357e-09
14,78190.3347022587,5,6.39465225342687e-05,3.23933270430830e-09
15,78202.8453114305,22,0.000281319687440891,4.23267505355746e-09
16,77560.1279945243,41,0.00052862212918079,5.41168437220913e-09
17,76488.5071868583,48,0.000627545258305773,6.76445440590403e-09
18,74846.3347022587,51,0.000681396092445672,8.30250591808547e-09
19,72225.3750855578,55,0.000761505218004715,1.00902467743242e-08
20,68730.9383983573,59,0.000858419823370404,1.21697196365163e-08
21,64353.0150581793,74,0.00114990727214722,1.46319729986048e-08
22,59444.0362765229,60,0.0010093527249881,1.75294558277041e-08
23,55509.5379876797,66,0.0011889848554432,2.04667242457767e-08
24,52046.8945927447,58,0.00111437964654447,2.34997339950013e-08
25,49007.1327857632,59,0.00120390638354464,2.65895620145482e-08
26,46776.2908966461,63,0.00134683615978019,2.94372067550106e-08
27,44974.5906913073,59,0.00131185184996922,3.2159889999986e-08
28,43442.6666666667,61,0.00140414953041557,3.48417921337229e-08
29,41858.090349076,73,0.00174398782627721,3.77847741495785e-08
30,40130.3360711841,65,0.00161972229399478,4.1199025032326e-08
31,38345.2026009582,65,0.00169512730644369,4.51071137283394e-08
32,37034.9746748802,59,0.00159308870919839,4.88865859908769e-08
33,36279.8015058179,75,0.00206726599614865,5.22574505969503e-08
34,35940.553045859,68,0.00189201317835132,5.52486572182923e-08
35,36057.3908281999,66,0.00183041530415957,5.76771613896925e-08
36,36392.1841204654,92,0.00252801534789617,5.98406642819742e-08
37,37045.1054072553,88,0.00237548251064674,6.1533416777792e-08
38,37987.3127994524,80,0.00210596628464736,6.27751771885866e-08
39,39028.1533196441,110,0.00281847821748291,6.38699852674577e-08
40,40318.2785763176,113,0.00280269902362287,6.45655875780725e-08
41,42103.5804243669,105,0.00249384966650562,6.44924136528462e-08
42,44269.826146475,117,0.00264288365653128,6.3893553657849e-08
43,47049.9000684463,144,0.00306058035809884,6.25276795391912e-08
44,50054.6755646817,153,0.0030566575104915,6.10238634313306e-08
45,53250.6221765914,163,0.00306099709895322,5.94626552467405e-08
46,56562.7364818617,192,0.00339446094623745,5.79810086957634e-08
47,59721.7125256674,217,0.00363351938219684,5.68707364955366e-08
48,62736.6940451745,237,0.00377769347918372,5.61044497326549e-08
49,65808.006844627,236,0.00358618975586356,5.55093457545707e-08
50,68710.8945927447,284,0.00413326011374604,5.52978699622641e-08
51,73926.2936344969,279,0.00377402932411869,5.36194871678805e-08
52,80004.2525667351,341,0.00426227342997245,5.18835514189035e-08
53,85347.0848733744,360,0.00421807025435158,5.11615889296952e-08
54,90020.7994524298,441,0.00489886784701395,5.12960282208847e-08
55,93986.521560575,464,0.00493687810013214,5.2274998842505e-08
56,96857.4120465435,507,0.00523449872639967,5.43418022908132e-08
57,97776.832991102,519,0.00530800583454396,5.81095727978328e-08
58,97780.3073237509,587,0.00600325378459327,6.32548213405052e-08
59,96780.5195071869,603,0.00623059271711413,7.02015925878809e-08
60,95548.2464065708,705,0.00737847136409106,7.87742464119917e-08
61,93356.2176591376,746,0.00799089786096301,8.99619037175873e-08
62,90559.9342915811,763,0.00842535947015293,1.04092668185689e-07
63,87181.3675564682,797,0.00914186164244069,1.21922250294199e-07
64,80862.6632443532,899,0.0111176155215588,1.48710512890675e-07
65,72999.5270362765,1175,0.0160959946961861,1.86733395607455e-07
66,65164.6728268309,1180,0.018107970911413,2.37294689297012e-07
67,57560.6851471595,1137,0.0197530657790669,3.04561465518197e-07
68,50201.9965776865,1110,0.0221106743888622,3.95147890418954e-07
69,43485.5106091718,1025,0.0235710696653016,5.14554661040287e-07
70,38341.7063655031,1028,0.0268115349431844,6.55318420386767e-07
71,33773.5215605749,958,0.0283654163301202,8.3058499706953e-07
72,29824.1437371663,882,0.0295733553248963,1.04268844554766e-06
73,25942.2532511978,813,0.0313388352248262,1.31776899596359e-06
74,22618.4620123203,786,0.0347503733707386,1.64664328969756e-06
75,19802.0978781656,668,0.0337337995251784,2.03356011605971e-06
76,17329.5208761123,679,0.039181694915522,2.49768322854403e-06
77,15073.7371663244,656,0.043519400183356,3.07375198716617e-06
78,13110.4661190965,617,0.0470616371984888,3.7740504879986e-06
79,11259.0150581793,582,0.0516919106149694,4.6902049636655e-06
80,9545.77754962355,540,0.0565695143421078,5.91068315234572e-06
81,7999.77070499658,475,0.0593767018476317,7.55750905846882e-06
82,6546.24435318275,462,0.0705748174180785,9.9421833201978e-06
83,5209.45585215606,401,0.0769754099814545,1.35353656950996e-05
84,4056.3401779603,363,0.0894895359053766,1.89865935633333e-05
85,3055.24366872005,266,0.0870634321980074,2.78064408760001e-05
86,2303.53867214237,257,0.111567477945131,4.11582051297061e-05
87,1728.03148528405,194,0.112266472950353,6.2054300180476e-05
88,1268.31416837782,168,0.132459294541251,9.70619483011308e-05
89,879.954140999316,134,0.152280662998896,0.000162490579721101
90,592.924709103354,92,0.155163039400275,0.000281087940865435
91,383.258726899384,72,0.187862649814891,0.000504468036840315
92,248.997262149213,39,0.156628228211718,0.000889067507869905
93,175.015058179329,30,0.171413821828179,0.00141764146675699
94,118.134154688569,30,0.253948572951551,0.00228495169462283
95,72.2464065708419,18,0.249147339699864,0.00391322068558869
96,45.4613278576318,10,0.219967178066517,0.00621846550820421
97,33.5462012320329,2,0.0596192691436616,0.00797852609907457
98,24.0417522245038,9,0.374348754448399,0.0098968215599723
99,13,5,0.384615384615385,0.0151516092920358
100,8.34633812457221,2,0.239626045596195,0.0180418085083121
102,2.50376454483231,1,0.399398578458174,0.0267786348017113
