"Edad","qx","px","lx","dx","Dx","Cx","Nx","Mx","ex"
0,0.01080429,0.98919571,1e+07,108042.9,1e+07,102898,177908963.082206,1528144.20767979,17.2908963082206
1,0.00440199,0.99559801,9891957.1,43544.296234629,9420911.52380952,39495.9603035184,167908963.082206,1425246.20767979,17.323006049664
2,0.00454767,0.99545233,9848412.80376537,44787.3314552997,8932800.72903888,38688.9808489793,158488051.558397,1385750.24737628,17.2422575926475
3,0.00471059,0.99528941,9803625.47231007,46180.8601136091,8468740.28490234,37993.1079034839,149555250.829358,1347061.2665273,17.1596808731964
4,0.00484162,0.99515838,9757444.61219646,47241.8389833026,8027473.83009874,37015.2169955073,141086510.544456,1309068.15862381,17.0754556826404
5,0.00504765,0.99495235,9710202.77321316,49013.7050282094,7608197.9545271,36574.7813382559,133059036.714357,1272052.94162831,16.9889030897498
6,0.00524207,0.99475793,9661189.06818495,50644.6293786603,7209328.03249708,35992.1925707733,125450838.75983,1235478.16029005,16.9011833272591
7,0.00543836,0.99456164,9610544.43880629,52265.6004542266,6830034.50504549,35375.415667485,118241510.727333,1199485.96771928,16.811993173678
8,0.00563282,0.99436718,9558278.83835206,53840.0642062463,6469419.35104251,34705.785437085,111411476.222287,1164110.55205179,16.721248179612
9,0.0058262,0.9941738,9504438.77414582,55374.7611859284,6126645.97746054,33995.2998036958,104942056.871245,1129404.76661471,16.628794002023
10,0.00613027,0.99386973,9449064.01295989,57925.3136467276,5800905.63111111,33867.7312030776,98815410.8937842,1095409.46681101,16.5344799894387
11,0.00634584,0.99365416,9391138.69931316,59594.6636036494,5490804.29842655,33184.5386182163,93014505.2626731,1061541.73560793,16.4400510758192
12,0.00658733,0.99341267,9331544.03570951,61469.9599727503,5196152.88845469,32598.8321968611,87523700.9642466,1028357.19698972,16.3439425942826
13,0.00686127,0.99313873,9270074.07573676,63604.4811536304,4916118.20442665,32124.5850976061,82327548.0757919,995758.364792855,16.2464541437717
14,0.00715908,0.99284092,9206469.59458313,65909.8523451882,4649892.75245158,31703.7659106867,77411429.8713652,963633.779695249,16.1480032965387
15,0.00812627,0.99187373,9140559.74223794,74278.6564165559,4396765.52213844,34027.9083424647,72761537.1189137,931930.013784562,16.0488782043407
16,0.00845708,0.99154292,9066281.08582139,76674.2644452783,4153367.82702748,33452.7276024738,68364771.5967752,897902.105442098,15.9600811784357
17,0.00878197,0.99121803,8989606.82137611,78946.4574171204,3922135.67909036,32803.8836854297,64211403.7697477,864449.377839624,15.8715406664973
18,0.0090946,0.9909054,8910660.36395899,81038.8917460614,3702563.42973396,32069.8413029128,60289268.0906574,831645.494154194,15.7831155319301
19,0.00939622,0.99060378,8829621.47221293,82965.0658696366,3494181.044158,31268.6607721317,56586704.6609234,799575.652851281,15.6945543020823
20,0.00954636,0.99045364,8746656.40634329,83498.7308512594,3296522.80985454,29971.2318962695,53092523.6167654,768306.99207915,15.6056139087077
21,0.00984314,0.99015686,8663157.67549203,85272.6738419427,3109574.30129853,29150.4525600796,49796000.8069109,738335.76018288,15.5137677964847
22,0.0101216,0.9898784,8577885.00165009,86821.9208327015,2932348.88200995,28266.7261372875,46686426.5056123,709185.3076228,15.4211704964696
23,0.01037641,0.98962359,8491063.08081739,88106.7518624244,2764446.49482457,27319.0764317739,43754077.6236024,680918.581485513,15.3274279156845
24,0.01061386,0.98938614,8402956.32895496,89187.8020616419,2605487.10911543,26337.4051504342,40989631.1287778,653599.505053739,15.232041423415
25,0.01071761,0.98928239,8313768.52689332,89103.7287015171,2455078.88924522,25059.5981468223,38384144.0196624,627262.099903305,15.1345868101465
26,0.01094971,0.98905029,8224664.79819181,90057.6943874088,2313110.77256291,24121.8020547046,35929065.1304172,602202.501756483,15.0327905418935
27,0.01118516,0.98881484,8134607.1038044,90986.8819931888,2178840.8384814,23210.174659951,33615954.3578543,578080.699701778,14.9283662047035
28,0.01142773,0.98857227,8043620.22181121,91920.3201173986,2051876.33817947,22331.7036058131,31437113.5193729,554870.525041827,14.8211540746483
29,0.01167715,0.98832285,7951699.90169381,92853.1925070639,1931836.2375175,21484.1347818356,29385237.1811934,532538.821436014,14.7110394300062
30,0.01183078,0.98816922,7858846.70918674,92976.2864701124,1818359.90094911,20488.2056656674,27453400.9436759,511054.686654178,14.5978917481332
31,0.01217004,0.98782996,7765870.42271663,94510.9536792783,1711283.12857158,19834.6515486108,25635041.0427268,490566.480988511,14.4800115566642
32,0.01242405,0.98757595,7671359.46903735,95309.3536112935,1609958.80423385,19049.7225540396,23923757.9141552,470731.8294399,14.359857190905
33,0.01260603,0.98739397,7576050.11542606,95503.9150365644,1514244.37671629,18179.6286097304,22313799.1099214,451682.106885861,14.2359299813349
34,0.01274172,0.98725828,7480546.2003895,95315.0251324268,1423957.87302483,17279.6881046457,20799554.7332051,433502.47827613,14.1068610084803
35,0.0128699,0.9871301,7385231.17525707,95047.186702441,1338870.6671571,16410.6015230906,19375596.8601802,416222.790171484,13.971597097068
36,0.01313684,0.98686316,7290183.98855463,95769.980628204,1258704.31957891,15747.9973843972,18036726.1930231,399812.188648394,13.8295974379886
37,0.01348688,0.98651312,7194414.00792642,97030.1983952227,1183018.02126218,15195.4496100957,16778021.8734442,384064.191263997,13.6823890861303
38,0.01392834,0.98607166,7097383.8095312,98854.7748096458,1111488.38016341,14743.9886333003,15595003.852182,368868.741653901,13.5307394395695
39,0.01446344,0.98553656,6998529.03472156,101222.804781953,1043816.37342709,14378.2623696003,14483515.4720186,354124.753020601,13.3755396454128
40,0.01491453,0.98508547,6897306.2299396,102870.080685621,979732.569465726,13916.4293326416,13439699.0985915,339746.490651,13.2177220778937
41,0.01560964,0.98439036,6794436.14925398,106058.702292841,919162.208253764,13664.5630213774,12459966.5291258,325830.061318359,13.0557863641907
42,0.01637149,0.98362851,6688377.44696114,109498.70448915,861728.016267922,13435.9729533811,11540804.320872,312165.498296981,12.8926298124255
43,0.01718933,0.98281067,6578878.74247199,113086.517734336,807257.375873211,13215.4413607797,10679076.3046041,298729.5253436,12.7288370769639
44,0.01805512,0.98194488,6465792.22473765,116740.654512705,755601.107089897,12992.8272958485,9871818.9287309,285514.083982821,12.5648550354181
45,0.01883983,0.98116017,6349051.57022495,119615.052244271,706627.27469453,12678.7978367698,9116217.821641,272521.256686972,12.4010273847438
46,0.01978603,0.98021397,6229436.51798068,123255.817827861,660299.559015163,12442.5779844389,8409590.54694647,259842.458850202,12.2360232672113
47,0.02077704,0.97922296,6106180.70015282,126868.360654303,616414.144887145,12197.3917570343,7749290.98793131,247399.880865763,12.071565808812
48,0.02181627,0.97818373,5979312.33949851,130446.292412831,574863.698611676,11944.1730115342,7132876.84304416,235202.489108729,11.9079444575652
49,0.02290607,0.97709393,5848866.04708568,133974.535095168,535545.06376149,11683.0787796906,6558013.14443249,223258.316097195,11.7454926544765
50,0.02419355,0.97580645,5714891.51199051,138263.513539918,498359.839088395,11482.9463666448,6022468.080671,211575.237317504,11.5845774645231
51,0.02537782,0.97462218,5576627.9984506,141522.661551639,463145.471812779,11193.9261118855,5524108.2415826,200092.29095086,11.4273718038544
52,0.02658361,0.97341639,5435105.33689896,144484.72058504,429896.999424095,10884.0134979622,5060962.76976982,188898.364838974,11.2725008003072
53,0.02778798,0.97221202,5290620.61631392,147015.659873719,398541.700239271,10547.3036146808,4631065.77034573,178014.351341012,11.1200281364921
54,0.02896646,0.97103354,5143604.9564402,148992.027226527,369016.22042272,10180.0891316437,4232524.07010646,167467.047726331,10.9697507476988
55,0.03023407,0.96976593,4994612.92921367,151007.476924751,341263.930318566,9826.47386450155,3863507.84968374,157286.958594687,10.821172577709
56,0.03130672,0.96869328,4843605.45228892,151637.399685283,315186.793105561,9397.58540900355,3522243.91936517,147460.484730186,10.6750999610746
57,0.03230843,0.96769157,4691968.05260364,151590.121389781,290780.312786769,8947.29083909469,3207057.12625961,138062.899321182,10.52914119434
58,0.033239,0.966761,4540377.93121386,150917.622055617,267986.340386399,8483.42663628907,2916276.81347284,129115.608482087,10.3821845518991
59,0.03410416,0.96589584,4389460.30915824,149698.856697182,246741.659445996,8014.20669753501,2648290.47308644,120632.181845798,10.2330496156693
60,0.03568219,0.96431781,4239761.45246106,151283.973701391,226977.849917699,7713.39692052841,2401548.81364045,112617.975148263,10.0805426146703
61,0.03646622,0.96353378,4088477.47875967,149091.319205495,208455.983953471,7239.62073444165,2174570.96372275,104904.578227735,9.93179918600049
62,0.03722138,0.96277862,3939386.15955417,146629.389211506,191289.887792673,6781.02247970329,1966114.97976928,97664.9574932933,9.7781961056939
63,0.03796311,0.96203689,3792756.77034266,143984.842475763,175399.823037129,6341.64073898957,1774825.09197661,90883.93501359,9.61873935357912
64,0.03870763,0.96129237,3648771.9278669,141235.313738259,160705.809772561,5924.32478431113,1599425.26893948,84542.2942746005,9.45250433822561
65,0.04007493,0.95992507,3507536.61412864,140564.284283642,147128.827380033,5615.40710308277,1438719.45916692,78617.9694902893,9.27863743486998
66,0.0408964,0.9591036,3366972.329845,137697.047190273,134507.285639806,5238.91786327596,1291590.63178688,73002.5623872066,9.1023841804793
67,0.04178883,0.95821117,3229275.28265473,134947.63581006,122863.258936539,4889.82080090001,1157083.34614708,67763.6445239306,8.91765142942146
68,0.04278337,0.95721663,3094327.64684467,132385.764616185,112122.806757709,4568.56335900338,1034220.08721054,62873.8237230306,8.72399391450689
69,0.04391568,0.95608432,2961941.88222848,130075.691878544,102215.062124529,4275.08948518183,922097.280452828,58305.2603640272,8.52114875525328
70,0.04529994,0.95470006,2831866.19034994,128283.368510881,93072.588728655,4015.41208100262,819882.2183283,54030.1708788454,8.30906214738041
71,0.04683533,0.95316467,2703582.82183906,126623.193643163,84625.1486129545,3774.71120151121,726809.629599645,50014.7587978428,8.08857729070367
72,0.04864091,0.95135909,2576959.62819589,125345.66134871,76820.668429874,3558.69258974985,642184.48098669,46240.0475963316,7.85952737866256
73,0.05076533,0.94923467,2451613.96684718,124456.992059606,69603.848772035,3365.20224017376,565363.812556816,42681.3550065817,7.62259411700758
74,0.0532563,0.9467437,2327156.97478758,123935.76999638,62924.1775427167,3191.53226330303,495759.963784781,39316.152766408,7.37868802016888
75,0.05714919,0.94285081,2203221.2047912,125912.307244641,56736.2558726176,3088.02958738366,432835.786242065,36124.6205031049,7.12890993748078
76,0.06055723,0.93944277,2077308.89754656,125796.072689773,50946.4998151093,2938.26562571289,376099.530369447,33036.5909157213,6.88224474172623
77,0.06444797,0.93555203,1951512.82485678,125771.039990985,45582.2103886769,2797.79135967918,325153.030554338,30098.3252900084,6.63333179285902
78,0.06883571,0.93116429,1825741.7848658,125676.232037904,40613.8375819179,2662.55461502476,279570.820165661,27300.5339303292,6.383634662737
79,0.07371979,0.92628021,1700065.55282789,125328.475540706,36017.2907010875,2528.7496255744,238956.982583743,24637.9793153044,6.13450742497208
80,0.08005169,0.91994831,1574737.07728719,126060.3643425,31773.4319945089,2422.39707453382,202939.691882655,22109.22968973,5.88708754904813
81,0.08593481,0.91406519,1448676.71294469,124491.758078326,27838.014348808,2278.33759413532,171166.259888146,19686.8326151962,5.64865190251888
82,0.09222398,0.90777602,1324184.95486636,122121.606793896,24234.0570237771,2128.53446693302,143328.245539338,17408.4950210609,5.41433144680286
83,0.09885844,0.90114156,1202063.34807246,118834.107371621,20951.5198414261,1972.60434966898,119094.188515561,15279.9605541279,5.1842744305396
84,0.10576601,0.89423399,1083229.24070084,114568.834704258,17981.2240707368,1811.24030940742,98142.6686741352,13307.3562044589,4.95806382747076
85,0.11424258,0.88575742,968660.405996586,110662.263924897,15313.7349960562,1666.17199560548,80161.4446033984,11496.1158950515,4.73461093090893
86,0.121534,0.878466,857998.142071689,104275.946198541,12918.3375244481,1495.25450732978,64847.7096073422,9829.94389944599,4.51981849325561
87,0.12964852,0.87035148,753722.195873148,97718.9671861038,10807.9240873827,1334.50605923954,51929.3720828941,8334.68939211621,4.30474989119486
88,0.13990696,0.86009304,656003.228687044,91779.4174757892,8958.754976363,1193.70683250268,41121.4479955115,7000.18333287667,4.09008512946356
89,0.15006501,0.84993499,564223.811211255,84670.2518716551,7338.4407640335,1048.80303489438,32162.6930191485,5806.47650037399,3.88276931753423
90,0.16293381,0.83706619,479553.5593396,78135.4885222621,5940.18816894705,921.769038555683,24824.252255115,4757.67346547961,3.67903466171094
91,0.17478192,0.82521808,401418.070817338,70160.6211401503,4735.55302710818,788.275286037885,18884.0640861679,3835.90442692393,3.48772096480983
92,0.18747762,0.81252238,331257.449677188,62103.3582727489,3721.7752159699,664.523390157165,14148.5110590598,3047.62914088605,3.30154905603901
93,0.20106321,0.79893679,269154.091404439,54116.9856024099,2880.02443457607,551.492340661239,10426.7358430899,2383.10575072888,3.12036367397162
94,0.21557974,0.78442026,215037.105802029,46357.6433591539,2191.38807322074,449.922734346693,7546.71140851379,1831.61341006764,2.9438041808917
95,0.23386842,0.76613158,168679.462442875,39448.7993679645,1637.11352586353,364.637289194603,5355.32333529305,1381.69067572095,2.77119851536763
96,0.25056103,0.74943897,129230.66307491,32380.1680476325,1194.51844972305,285.0474029682,3718.20980942952,1017.05338652635,2.61272698240165
97,0.26830449,0.73169551,96850.4950272779,25985.4226745413,852.589215815654,217.860490218018,2523.69135970647,732.005983558146,2.46003199769787
98,0.28712621,0.71287379,70865.0723527366,20347.219646017,594.129239130224,162.466739696805,1671.10214389082,514.145493340128,2.31269130322087
99,0.30704706,0.69295294,50517.8527067195,15511.3581511113,403.370630903409,117.955967913559,1076.97290476059,351.678753643323,2.16993385797214
100,0.3320466,0.6679534,35006.4945556083,11623.7874951082,266.206537708735,84.1837864228165,673.602273857183,233.722785729765,2.03037464689989
101,0.35446258,0.64553742,23382.7070605,8288.29467204906,169.346249490265,57.1684842929932,407.395736148448,149.538999306948,1.90569683340917
102,0.37799926,0.62200074,15094.412388451,5705.6767129693,104.113658078687,37.4808435329875,238.049486658184,92.3705150139549,1.78643860038296
103,0.40263525,0.59736475,9388.73567548167,3780.23593588148,61.6750213038576,23.6500358299372,133.935828579496,54.8896714809675,1.6716381404982
104,0.42833402,0.57166598,5608.49973960019,2402.3112396319,35.0880796975463,14.3137316485051,72.2608072756387,31.2396356510303,1.55941185435383
105,0.45504205,0.54495795,3206.18849996829,1458.95058771199,19.1034871110628,8.2789427973015,37.1727275780925,16.9259040025252,1.44586084529907
106,0.48268701,0.51731299,1747.23791225629,843.369043625633,9.9148544513297,4.5578775711405,18.0692404670297,8.6469612052237,1.32244132334251
107,0.51117625,0.48882375,903.868868630661,462.036298758364,4.8848409539354,2.3781092196944,8.15438601570002,4.0890836340832,1.16932477282204
108,0.54039544,0.45960456,441.832569872297,238.764306002471,2.27412026024408,1.17040401775954,3.26954506176461,1.7109744143888,0.937718628571429
109,0.57020773,0.42979227,203.068263869826,115.791093776255,0.995424801520538,0.540570396629263,0.995424801520538,0.540570396629263,0.5
