edad,Exposicion,Muertes,TasaBruta,TasaWH,MuertesWH,TasaWH2,MuertesWH2
20,68730.93839835729,59,8.584198233704042e-4,9.463524310679979e-4,65.04369064287023,9.104738868681976e-4,62.57772463165101
21,64353.01505817933,74,0.0011499072721472205,0.001005043102672361,64.67755392039372,0.0010228133852227838,65.82112518094918
22,59444.03627652293,60,0.001009352724988102,0.0010620650619930965,63.1334340731452,0.0010807023742855169,64.24131114115272
23,55509.53798767967,66,0.0011889848554431975,0.0011197651024677157,62.15764349270969,0.0011323023005909505,62.85357756819045
24,52046.8945927447,58,0.0011143796465444677,0.0011780512166278628,61.313907496685026,0.0011663286150471923,60.70378248786313
25,49007.13278576318,59,0.001203906383544638,0.0012407708147709848,60.80662007618122,0.001220042926070998,59.79080568229245
26,46776.29089664613,63,0.0013468361597801914,0.001309032777102463,61.231697974989345,0.0012915692609339045,60.414819462610566
27,44974.59069130733,59,0.0013118518499692206,0.0013820862496353409,62.15876337743345,0.0013653654220923345,61.40675100266681
28,43442.666666666664,61,0.0014041495304155669,0.0014610770415380784,63.473082889858226,0.0014650842755858965,63.6471678228529
29,41858.090349075974,73,0.0017439878262772083,0.0015433355966935369,64.60108084534315,0.0015784219891173431,66.06973022944196
30,40130.33607118412,65,0.0016197222939947846,0.001622208953406524,65.09979047788768,0.0016423057051623232,65.90627987978706
31,38345.20260095825,65,0.0016951273064436919,0.0017014980096502457,65.24428590516588,0.0016910110259833822,64.84216039178706
32,37034.97467488022,59,0.0015930887091983902,0.0017857375886001536,66.13474636978836,0.001750798381645621,64.84077372506685
33,36279.80150581793,75,0.00206726599614865,0.0018800143683864714,68.20654811314685,0.0018546932780866715,67.28790398315921
34,35940.553045859,68,0.0018920131783513228,0.001978798454344523,71.11911081543312,0.001940012399202409,69.72511854315837
35,36057.39082819986,66,0.0018304153041595718,0.0020869513831852874,75.25002166296419,0.002052490477377138,74.00745131394596
36,36392.184120465434,92,0.002528015347896173,0.002204699801824744,80.23384111835973,0.0022193527388275265,80.76709349967058
37,37045.1054072553,88,0.0023754825106467414,0.0023144873835118642,85.74042908595953,0.002328099037331611,86.24467423647913
38,37987.31279945243,80,0.0021059662846473616,0.0024187215313344595,91.8807313855727,0.00241625990032902,91.78722063857225
39,39028.15331964408,110,0.002818478217482906,0.0025252807137454403,98.55704287119728,0.0025591772364209095,99.87996155517828
40,40318.27857631759,112,0.002777896377396114,0.0026178006407349837,105.54521549041576,0.0026361531786800382,106.2851582278669
41,42103.580424366875,105,0.0024938496665056226,0.0027031913369587202,113.8140338580933,0.0026646054332527566,112.18942915816238
42,44269.82614647502,117,0.002642883656531281,0.0028044851528231155,124.15407014584974,0.0027533218718977055,121.88908059419857
43,47049.90006844627,144,0.0030605803580988416,0.0029270528150264134,137.7175424420571,0.0029044808884852173,136.65553555394152
44,50054.675564681726,153,0.003056657510491505,0.0030592203682111257,153.12828301167406,0.003039280428909926,152.13019581917305
45,53250.62217659137,163,0.0030609970989532165,0.003203659757171396,170.59687531148447,0.003181782489386723,169.43189719042675
46,56562.736481861735,192,0.0033944609462374514,0.0033631334392168455,190.2280304757598,0.0033756061744841257,190.93352251389098
47,59721.71252566735,217,0.003633519382196838,0.0035187526673395642,210.14593524777865,0.0035632084601340723,212.80091132515292
48,62736.69404517454,237,0.0037776934791837204,0.003653423501082462,229.2037124048608,0.0036917994957886735,231.61129544342364
49,65808.00684462697,236,0.003586189755863556,0.0037692359822619824,248.0459073197108,0.003769803922535971,248.0832823371488
50,68710.89459274469,284,0.004133260113746038,0.003894191882503537,267.5734079626225,0.0038936058060281054,267.5331381236959
51,73926.29363449692,279,0.003774029324118687,0.0040201745309526,297.19660283712784,0.003971818566897537,293.62182563941406
52,80004.25256673511,341,0.004262273429972447,0.004194442154628247,335.5732095154389,0.004157979389624843,332.65603325482505
53,85347.0848733744,360,0.004218070254351577,0.004406805886518854,376.10803601721057,0.004383689591173151,374.13512759638286
54,90020.79945242984,441,0.004898867847013955,0.004666132177743019,420.048948991134,0.004706623996375135,423.6940548756799
55,93986.52156057495,463,0.004926238276640479,0.004917737236428454,462.2010168008252,0.004951256793507422,465.35140337492857
56,96857.41204654347,507,0.005234498726399672,0.005183784437425069,502.0879452161394,0.005185490008553989,502.25314242174795
57,97776.83299110198,519,0.005308005834543964,0.005495235430852445,537.3067169692458,0.005454218735958904,533.2962344427932
58,97780.30732375085,587,0.006003253784593266,0.005914632431403328,578.3345768496412,0.005893015104790713,576.2208280099418
59,96780.51950718685,603,0.006230592717114126,0.006427715594047915,622.0776544364033,0.006425691906885993,621.8818009415526
60,95548.24640657085,705,0.007378471364091065,0.0070642002273924,674.9719439922428,0.007140304582843047,682.2435816994546
61,93356.21765913758,745,0.007980186201631965,0.00774108131290704,722.678071964832,0.007804310001134682,728.5808631453136
62,90559.93429158111,763,0.008425359470152929,0.008548420960906696,774.144440516485,0.008491880494025094,769.0241395508718
63,87181.36755646818,797,0.009141861642440694,0.00979324767800898,853.7887253880294,0.009608205440272828,837.6564900464826
64,80862.66324435319,899,0.01111761552155876,0.011872500740278753,960.0420292294947,0.011681051677747991,944.5609481576225
65,72999.52703627653,1175,0.01609599469618609,0.014825315372281343,1082.241010340178,0.014764538163195558,1077.8043028223308
66,65164.67282683094,1180,0.018107970911413005,0.01764872246335699,1150.0732251362,0.01767071915077196,1151.5066320748706
67,57560.68514715948,1137,0.019753065779066895,0.02001269076202935,1151.9441919006385,0.020065400395223844,1154.9781945011691
68,50201.996577686514,1109,0.022090754862385726,0.02213798573420389,1111.3710840653766,0.022189225789706366,1113.9434371563523
69,43485.5106091718,1025,0.023571069665301595,0.024166536452003753,1050.8941772705462,0.024195688432061636,1052.1618660086317
70,38341.70636550308,1028,0.02681153494318436,0.026283801218993767,1007.7657885079109,0.02625229358110463,1006.557731907695
71,33773.52156057495,957,0.028335807336038677,0.028147233453973814,950.6311959283211,0.028111225764358025,949.4150894467357
72,29824.143737166323,882,0.02957335532489629,0.029825170194105122,889.51016285444,0.029829242988053582,889.6316304465707
73,25942.25325119781,813,0.0313388352248262,0.03158912152562468,819.4929906006196,0.031621992435503204,820.3457360692855
74,22618.462012320328,785,0.03470616169978351,0.03357503973273016,759.4157607569028,0.03363295689202149,760.7257578241952
75,19802.09787816564,668,0.03373379952517838,0.035761072065121594,708.1442492616729,0.03591524884186035,711.1972728851938
76,17329.520876112252,679,0.039181694915522015,0.03892929730326786,674.6260703093607,0.03895056611381727,674.9946486057868
77,15073.737166324436,656,0.04351940018335601,0.04273548895349686,644.1835281593729,0.04258825333365793,641.9641371244
78,13110.466119096509,617,0.04706163719848885,0.046847671505997016,614.1948100379368,0.04667685963946685,611.9553868490534
79,11259.01505817933,581,0.05160309289913608,0.05128015657825161,577.3640551003286,0.05123756979528721,576.8845698696531
80,9545.777549623546,540,0.056569514342107816,0.05617621928367488,536.2456928608331,0.05637647611502219,538.1573000256669
81,7999.7707049965775,475,0.05937670184763167,0.06191274114692866,495.28773289323607,0.062302256888790396,498.4037695141166
82,6546.244353182752,462,0.07057481741807849,0.06922445576858748,453.160202677265,0.069325766527078,453.8234076579502
83,5209.4558521560575,401,0.07697540998145451,0.07786637305302703,405.6414327872584,0.07741552689194099,403.29276961496663
84,4056.3401779603014,363,0.08948953590537657,0.08801916700720826,357.03568356193665,0.08662243932431934,351.37008094416495
