Edad,qx,px,lx,dx,Dx,Cx,Nx,Mx,Rx
0,5.3235405947019e-4,0.9994676459405298,10000000,5323.5405947019,10000000,5070.038661620857,204026286.20130843,284460.2355702695,3928384496.615557
1,4.5010374849185013e-4,0.9995498962515081,9994676.4594053,4498.641339341578,9518739.485147903,4080.400307792814,194026286.20130843,279390.1969086487,3724358210.4142485
2,3.7969077472631594e-4,0.9996203092252737,9990177.818065956,3793.1783553951195,9061385.776023543,3276.690081326093,184507546.71616054,275309.7966008559,3530331924.21294
3,3.211151381735875e-4,0.9996788848618264,9986384.639710562,3206.779283435249,8626614.52517919,2638.225252593517,175446160.94013697,272033.10651952977,3345824377.49678
4,2.743768388336648e-4,0.9997256231611663,9983177.860427126,2739.1527828582243,8213185.132060921,2146.197879324315,166819546.4149578,269394.88126693625,3170378216.5566425
5,2.3947587670654778e-4,0.9997605241232934,9980438.707644269,2390.074309429076,7819934.8802739335,1783.5102488016312,158606361.28289688,267248.68338761193,3003558670.141685
6,2.1641225179223653e-4,0.9997835877482077,9978048.633334838,2159.3719732324407,7445773.518583514,1534.6253461825356,150786426.40262294,265465.1731388103,2844952308.858788
7,2.0518596409073108e-4,0.9997948140359093,9975889.261361606,2046.9124557548523,7089678.2494952595,1385.430920681687,143340652.88403943,263930.54779262777,2694165882.4561653
8,2.057970136020312e-4,0.999794202986398,9973842.348905852,2052.5869695422925,6750689.0924081365,1323.1158618794295,136250974.63454416,262545.1168719461,2550825229.572126
9,2.182454003261371e-4,0.9997817545996739,9971789.761936309,2176.2972485618648,6427904.591193488,1336.0577245364163,129500285.54213603,261222.00101006665,2414574254.9375815
10,2.425311242630488e-4,0.9997574688757369,9969613.464687748,2417.941562058749,6120477.838650214,1413.7203535570586,123072380.95094255,259885.94328553023,2285073969.3954453
11,2.6257432426530564e-4,0.9997374256757346,9967195.523125688,2617.129629304907,5827612.7926466465,1457.315705818137,116951903.11229232,258472.22293197317,2162001588.444503
12,2.842739296775946e-4,0.9997157260703224,9964578.393496383,2832.6698574996694,5548650.105862416,1502.2253047614383,111124290.31964567,257014.90722615505,2045049685.3322105
13,3.0776682876536586e-4,0.9996922331712347,9961745.723638885,3065.8948903312844,5282926.446945159,1548.4852563590414,105575640.21378326,255512.6819213936,1933925395.012565
14,3.3320122248183616e-4,0.9996667987775182,9958679.828748554,3318.244293244221,5029810.035643792,1596.1322406932566,100292713.7668381,253964.19666503457,1828349754.7987816
15,3.60737559368464e-4,0.9996392624406315,9955361.58445531,3591.272840606973,4788699.139801013,1645.2034668968388,95262903.73119432,252368.0644243413,1728057041.0319436
16,3.9054954771725064e-4,0.9996094504522828,9951770.311614702,3886.659394187084,4559020.643962639,1695.7366195554453,90474204.5913933,250722.86095744447,1632794137.3007493
17,4.2282525137991834e-4,0.9995771747486201,9947883.652220516,4206.216405948319,4340228.686202006,1747.7697955139959,85915183.94743066,249027.12433788902,1542319932.709356
18,4.577682761366936e-4,0.9995422317238634,9943677.435814567,4551.900078252172,4131803.3599206815,1801.341429911132,81574955.26122865,247279.35454237502,1456404748.7619252
19,4.955990541086983e-4,0.9995044009458913,9939125.535736315,4925.821214178527,3933249.4775421666,1856.4902101365994,77443151.90130797,245478.0131124639,1374829793.5006967
20,4.755126916194201e-4,0.9995244873083806,9934199.714522136,4723.838045337296,3744095.393163355,1695.5855981742645,73509902.42376581,243621.5229023273,1297386641.5993886
21,5.808840196655664e-4,0.9994191159803344,9929475.8764768,5767.873860300117,3564109.5507478784,1971.746935587489,69765807.03060246,241925.93730415305,1223876739.175623
22,5.333226255378956e-4,0.9994666773744622,9923708.002616499,5292.538007026857,3392418.3013957245,1723.098509926834,66201697.47985457,239954.19036856556,1154110932.1450205
23,6.026975901256298e-4,0.9993973024098743,9918415.464609472,5977.805098384908,3229151.474247906,1853.5255349331787,62809279.17845885,238231.0918586387,1087909234.665166
24,6.751660777336281e-4,0.9993248339222663,9912437.659511087,6692.541655351205,3073528.830891644,1976.3261005279373,59580127.704210944,236377.56632370554,1025099955.486707
25,6.536627729963565e-4,0.9993463372270036,9905745.117855737,6475.016822332702,2925193.989034371,1821.038489928077,56506598.8733193,234401.2402231776,965519827.7824961
26,7.238759247079974e-4,0.999276124075292,9899270.101033403,7165.8432983197845,2784077.998685663,1919.3590816740711,53581404.88428493,232580.20173324953,909013228.9091767
27,6.237530310489201e-4,0.9993762469689511,9892104.257735083,6170.230014214186,2649583.496809433,1573.986416335315,50797326.88559926,230660.84265157545,855431824.0248919
28,6.895571842795722e-4,0.9993104428157205,9885934.02772087,6816.916832128813,2521838.867687887,1656.1448655329941,48147743.38878983,229086.85623524012,804634497.1392926
29,7.919362826731593e-4,0.9992080637173268,9879117.110888742,7823.631280890032,2400095.1576943593,1810.2118449964962,45625904.521101944,227430.71136970713,756486753.7505027
30,7.373805658677916e-4,0.9992626194341322,9871293.47960785,7278.899971840278,2283994.700244869,1603.9745757196179,43225809.36340758,225620.49952471064,710860849.2294008
31,8.511270228769465e-4,0.9991488729771231,9864014.57963601,8395.529362780391,2173629.0732765365,1761.9375637872708,40941814.663162716,224016.52494899102,667635039.8659933
32,0.0010279314702849672,0.998972068529715,9855619.05027323,10130.900980915892,2068360.9893662476,2024.8889075041104,38768185.58988618,222254.58738520375,626693225.2028304
33,9.41645337799739e-4,0.9990583546622003,9845488.149292314,9270.958014143689,1967842.7200127316,1764.7713550696626,36699824.60051993,220229.69847769965,587925039.6129444
34,0.001141834899591706,0.9988581651004083,9836217.19127817,11231.336068965324,1872371.1524665793,2036.132120833413,34731981.8805072,218464.92712262998,551225215.0124243
35,0.0010227711362063615,0.9989772288637936,9824985.855209203,10048.711946343748,1781174.4892759083,1734.984624931911,32859610.72804062,216428.79500179656,516493233.1319172
36,0.0011892744365630992,0.9988107255634369,9814937.14326286,11672.65384095617,1694621.671828314,1919.4002228107,31078436.23876471,214693.81037686465,483633622.40387654
37,0.001234567863382879,0.9987654321366172,9803264.489421904,12102.795294882852,1612006.0015184407,1895.362671480952,29383814.566936396,212774.41015405397,452555186.16511184
38,0.001165468096401306,0.9988345319035987,9791161.694127021,11411.286581211605,1533348.4482984627,1701.9701877698146,27771808.565417957,210879.04748257302,423171371.59817547
39,0.0013168524014038159,0.9986831475985962,9779750.40754581,12878.487809306647,1458629.8853345755,1829.3335878687699,26238460.117119495,209177.0772948032,395399563.0327575
40,0.0014827726570440924,0.9985172273429559,9766871.919736505,14482.050627437033,1387341.9857783937,1959.155011887101,24779830.231784917,207347.74370693442,369161102.91563797
41,0.0013615148789662406,0.9986384851210338,9752389.869109066,13278.023912271621,1319318.9266818208,1710.7355702657808,23392488.246006526,205388.5886950473,344381272.6838531
42,0.0013552614107096722,0.9986447385892904,9739111.845196795,13199.042458380687,1254783.4803171826,1619.5805996855781,22073169.319324706,203677.85312478154,320988784.43784654
43,0.001563490723527785,0.9984365092764722,9725912.802738415,15206.374444921632,1193412.305416679,1777.037208440843,20818385.839007523,202058.27252509596,298915615.11852187
44,0.0016354831594448643,0.9983645168405552,9710706.428293493,15881.696829786995,1134806.1108074437,1767.577412819711,19624973.533590842,200281.2353166551,278097229.2795143
45,0.0015677607269910156,0.998432239273009,9694824.731463706,15199.165469050018,1079000.147165698,1611.0610048989595,18490167.4227834,198513.6579038354,258472255.7459235
46,0.0017053048266453508,0.9982946951733547,9679625.565994656,16506.712197810422,1026008.1267719562,1666.3396292967352,17411167.2756177,196902.59689893643,239982088.32314008
47,0.0016488241601752564,0.9983511758398247,9663118.853796845,15932.78382878527,975484.2572963758,1531.811439334172,16385159.148845745,195236.25726963973,222570921.0475224
48,0.0018224205078248576,0.9981775794921751,9647186.06996806,17581.229736712085,927500.8145572142,1609.8061956888832,15409674.89154937,193704.44583030554,206185761.89867663
49,0.0017122461139401435,0.9982877538860598,9629604.840231348,16488.25346646532,881724.3029064198,1437.8371535410467,14482174.076992154,192094.63963461664,190776087.00712726
50,0.0019494849921788424,0.9980505150078212,9613116.586764883,18740.626513963638,838299.5941859063,1556.4309312524176,13600449.774085736,190656.8024810756,176293912.9301351
51,0.002071527209390424,0.9979284727906096,9594375.960250918,19875.010858781152,796824.1349600869,1572.0408349226734,12762150.179899829,189100.3715498232,162693463.15604937
52,0.002127740431076133,0.9978722595689239,9574500.949392138,20372.052777398472,757308.0876984934,1534.6238447400326,11965326.044939741,187528.3307149005,149931312.97614956
53,0.0023235049064940453,0.997676495093506,9554128.89661474,22199.06536856089,719711.1739633488,1592.6213752023148,11208017.957241248,185993.70687016047,137965986.9312098
54,0.0024384335056086112,0.9975615664943914,9531929.831246179,23242.977073620918,683846.5919232251,1588.1089928017632,10488306.783277899,184401.08549495818,126757968.97396857
55,0.0027822753523094336,0.9972177246476905,9508686.854172558,26455.785067193032,649694.3595055079,1721.5510504634651,9804460.191354675,182812.9765021564,116269662.19069067
56,0.0030860727556073493,0.9969139272443927,9482231.069105364,29262.854964739614,617034.9818119248,1813.5379491680549,9154765.831849167,181091.42545169295,106465201.99933599
57,0.003539534170248916,0.9964604658297511,9452968.214140626,33459.104004227614,585838.8256812367,1974.8538492926048,8537730.850037241,179277.88750252489,97310436.16748682
58,0.00397858474433402,0.996021415255666,9419509.110136399,37476.315244704,555966.8848947423,2106.6298729496475,7951892.024356005,177303.0336532323,88772705.31744957
59,0.004480664804647245,0.9955193351953527,9382032.794891695,42037.744140117444,527385.6414553764,2250.5126496623006,7395925.139461263,175196.40378028265,80820813.29309358
60,0.005350962211572618,0.9946490377884274,9339995.050751578,49977.96057284697,500021.5268316485,2548.1869476657093,6868539.498005887,172945.89113062032,73424888.15363231
61,0.005859502952971398,0.9941404970470286,9290017.09017873,54434.882573057024,473662.79098723753,2643.265259526088,6368517.971174238,170397.70418295462,66556348.65562642
62,0.006741909456222516,0.9932580905437774,9235582.207605673,62265.459019177106,448464.15472831915,2879.5283100378024,5894855.180187001,167754.43892342853,60187830.68445218
63,0.007511095922627669,0.9924889040773723,9173316.748586494,68901.66202728012,424229.1904788375,3034.6915646335556,5446391.025458681,164874.91061339073,54292975.50426518
64,0.00852476614713684,0.9914752338528632,9104415.086559216,77613.00951938193,400993.10889140225,3255.592838011983,5022161.834979844,161840.2190487572,48846584.4788065
65,0.01059882720449765,0.9894011727955023,9026802.077039832,95673.51542374566,378642.6061061805,3822.064337504832,4621168.726088442,158584.6262107452,43824422.643826656
66,0.012504897414568185,0.9874951025854318,8931128.561616087,111682.84645932908,356789.9414779052,4249.163444505705,4242526.119982261,154762.56187324037,39203253.917738214
67,0.013680315524147014,0.9863196844758529,8819445.715156758,120652.80013143086,335550.7808201659,4371.848148565492,3885736.1785043557,150513.39842873465,34960727.79775596
68,0.015151704760451263,0.9848482952395488,8698792.915025327,131801.54202076897,315200.32406111626,4548.402143402473,3550185.39768419,146141.55028016918,31074991.619251598
69,0.01676607696469318,0.9832339230353068,8566991.37300456,143634.83671565694,295642.3826767083,4720.726611412347,3234985.0736230738,141593.1481367667,27524806.221567407
70,0.01887709619419523,0.9811229038058048,8423356.5362889,159008.5116135287,276843.447366405,4977.143225398334,2939342.6909463652,136872.42152535435,24289821.147944335
71,0.02046809223605569,0.9795319077639443,8264348.024675372,169155.43763992016,258683.28283784454,5042.622183857793,2662499.2435799604,131895.27829995603,21350478.45699797
72,0.02269995768376317,0.9773000423162368,8095192.587035452,183760.52916761808,241322.4090902798,5217.150928088702,2403815.960742116,126852.65611609822,18687979.213418007
73,0.024881576176883066,0.975118423823117,7911432.057867833,196848.89941607325,224613.71487217778,5322.6126256807465,2162493.551651836,121635.50518800953,16284163.252675893
74,0.027978799286682884,0.9720212007133171,7714583.158451761,215844.77377074593,208595.2110621076,5558.3271833047265,1937879.8367796584,116312.89256232878,14121669.701024055
75,0.029847078564192876,0.9701529214358071,7498738.384681015,223815.43369990305,193103.7785901311,5489.127286306808,1729284.6257175507,110754.56537902405,12183789.864244398
76,0.03363234919110703,0.966367650808893,7274922.950981112,244672.74902579558,178419.2332757228,5714.91233898923,1536180.8471274197,105265.43809271725,10454505.238526847
77,0.037238398237932346,0.9627616017620677,7030250.201955316,261795.25673271634,164208.16697122293,5823.665824376464,1357761.6138516967,99550.52575372801,8918324.391399426
78,0.0418780979531035,0.9581219020468965,6768454.9452226,283450.0191871999,150565.06462440727,6005.12240443456,1193553.446880474,93726.85992935154,7560562.77754773
79,0.0460845629577462,0.9539154370422538,6485004.9260354005,298858.6177951726,137390.1772378581,6030.063116851408,1042988.3822560667,87721.73752491699,6367009.330667256
80,0.051569120029456975,0.948430879970543,6186146.308240228,319014.12148942245,124817.72472872773,6130.228788894741,905598.2050182085,81691.67440806558,5324020.94841119
81,0.05703137883157961,0.9429686211684204,5867132.186750805,334610.63839753927,112743.79476227448,6123.746733330608,780780.4802894808,75561.44561917083,4418422.743392982
82,0.0663800734787865,0.9336199265212135,5532521.548353265,367249.18690265936,101251.29589740699,6401.017582373552,668036.6855272063,69437.69888584023,3637642.2631035005
83,0.07353993463399933,0.9264600653660007,5165272.361450607,379853.79182788095,90028.78803420455,6305.439225917698,566785.3896297993,63036.68130346668,2969605.5775762945
84,0.08476330448420696,0.915236695515793,4785418.569622725,405627.8913013092,79436.26366380091,6412.647813354763,476756.6015955948,56731.24207754898,2402820.187946495
85,0.09356764964365125,0.9064323503563487,4379790.678321416,409806.7197017078,69240.93662836036,6170.201618514934,397320.3379317938,50318.59426419422,1926063.5863509004
86,0.1013002452898692,0.8986997547101307,3969983.9586197077,402160.3488050223,59773.54755135208,5766.738122664406,328079.40130343346,44148.39264567928,1528743.2484191065
87,0.10967187628276551,0.8903281237172345,3567823.6098146853,391289.909534326,51160.450021480436,5343.67861459658,268305.8537520814,38381.65452301488,1200663.8471156731
88,0.11873535363082785,0.8812646463691721,3176533.7002803595,377166.8522230306,43380.559501099066,4905.529593396349,217145.40373060096,33037.975908418295,932357.9933635916
89,0.12854785273745886,0.8714521472625412,2799366.8480573287,359852.59734219784,36409.28897907895,4457.462779007832,173764.8442295019,28132.446315021945,715212.5896329907
90,0.13917127408227176,0.8608287259177283,2439514.250715131,339510.3064138833,30218.05053440069,4005.2234220523965,137355.55525042294,23674.983536014115,541447.7454034887
91,0.150672633709725,0.8493273662902749,2100003.9443012476,316413.1250886796,24773.872324995875,3554.994847995806,107137.50471602226,19669.760113961718,404092.19015306584
92,0.16312448598842622,0.8368755140115738,1783590.819212568,290947.33559772617,20039.169271047886,3113.2182733092873,82363.63239102639,16114.765265965912,296954.68543704355
93,0.17660538130801098,0.823394618691989,1492643.4836148417,263608.871580717,15971.70484197441,2686.370498815139,62324.46311997851,13001.546992656624,214591.0530460172
94,0.19120036160089954,0.8087996383991005,1229034.6120341248,234991.86224094592,12524.776969731916,2280.706557698439,46352.7582780041,10315.176493841485,152266.58992603866
95,0.20700149681484503,0.792998503185155,994042.7497931789,205768.33710513252,9647.652461093863,1901.9795239960506,33827.98130827218,8034.469936143047,105913.83164803458
96,0.22410846572052046,0.7758915342794795,788274.4126880465,176658.96919426246,7286.260915140962,1555.155004315844,24180.328847178316,6132.490412146995,72085.8503397624
97,0.2426291847180684,0.7573708152819316,611615.4434937839,148395.75641587665,5384.141105342214,1244.1426350440202,16894.067932037353,4577.335407831151,47905.521492584085
98,0.26268048860933435,0.7373195113906656,463219.6870779073,121678.77373508766,3883.610798615232,971.570268713082,11509.92682669514,3333.1927727871316,31011.45356054673
99,0.2843888676303175,0.7156111323696825,341540.91334281967,97130.43359498889,2727.106682349043,738.6274107622061,7626.316028079908,2361.6225040740496,19501.52673385159
100,0.30789126539328476,0.6921087346067152,244410.4797478308,75251.85188493943,1858.617048617835,545.0018618861691,4899.209345730866,1622.9950933118434,11875.210705771682
101,0.3333359427722275,0.6666640572277724,169158.6278628914,56386.65069673329,1225.1096129879595,388.9267312806288,3040.5922971130303,1077.9932314256744,6976.001360040817
102,0.3608834131813378,0.6391165868186621,112771.97716615807,40697.53603093102,777.8443287079039,267.3439202550998,1815.4826841250706,689.0665001450457,3935.409062927787
103,0.3907074551465474,0.6092925448534525,72074.44113522705,28160.021477054197,473.4602023238562,176.17564834583172,1037.6383554171668,421.7225798899458,2119.9263788027165
104,0.42299620855776543,0.5770037914422346,43914.41965817285,18575.633016421714,274.73883005784074,110.67950805529797,564.1781530933106,245.5469315441141,1082.2880233855494
105,0.4579533615173345,0.5420466384826654,25338.786641751136,11603.982519360465,150.97652057121704,65.847814386457,289.4393230354698,134.86742348881612,518.109870292239
106,0.4957994352717381,0.5042005647282619,13734.80412239067,6809.708127449234,77.93934806232113,36.80217595690119,138.46280246425275,69.01960910235913,228.67054725676914
107,0.5367731753323306,0.4632268246676694,6925.0959949414355,3717.2057666859196,37.42577457864274,19.1325255808096,60.52345440193162,32.21743314545793,90.2077447925164
108,0.5811330575607392,0.4188669424392608,3207.890228255516,1864.2110566653455,16.511069255993007,9.138217295554606,23.097679823288885,13.084907564648333,29.684290390584763
109,0.62915891871982,0.37084108128018,1343.6791715901704,845.3877347040151,6.586610567295878,3.9466902690937276,6.586610567295878,3.9466902690937276,6.586610567295878
