Edad,qx_ref,px_ref,lx_ref,dx_ref,Lx_ref,Tx_ref,ex_ref
0,5.3235405947019e-4,0.9994676459405298,10000000,5323.5405947019,9997338.22970265,807903822.2360178,80.79038222360178
1,4.5010374849185013e-4,0.9995498962515081,9994676.4594053,4498.641339341578,9992427.138735628,797906484.0063152,79.83314790099689
2,3.7969077472631594e-4,0.9996203092252737,9990177.818065956,3793.1783553951195,9988281.228888258,787914056.8675796,78.86887212785523
3,3.211151381735875e-4,0.9996788848618264,9986384.639710562,3206.779283435249,9984781.250068843,777925775.6386913,77.89863936797433
4,2.743768388336648e-4,0.9997256231611663,9983177.860427126,2739.1527828582243,9981808.284035698,767940994.3886225,76.9235012262685
5,2.3947587670654778e-4,0.9997605241232934,9980438.707644269,2390.074309429076,9979243.670489553,757959186.1045868,75.94447581989024
6,2.1641225179223653e-4,0.9997835877482077,9978048.633334838,2159.3719732324407,9976968.947348222,747979942.4340973,74.96254727955855
7,2.0518596409073108e-4,0.9997948140359093,9975889.261361606,2046.9124557548523,9974865.80513373,738002973.486749,73.97866537524287
8,2.057970136020312e-4,0.999794202986398,9973842.348905852,2052.5869695422925,9972816.05542108,728028107.6816154,72.99374526021873
9,2.182454003261371e-4,0.9997817545996739,9971789.761936309,2176.2972485618648,9970701.613312028,718055291.6261942,72.00866732741497
10,2.425311242630488e-4,0.9997574688757369,9969613.464687748,2417.941562058749,9968404.493906718,708084590.0128822,71.0242771719194
11,2.6257432426530564e-4,0.9997374256757346,9967195.523125688,2617.129629304907,9965886.958311036,698116185.5189755,70.04138565348902
12,2.842739296775946e-4,0.9997157260703224,9964578.393496383,2832.6698574996694,9963162.058567634,688150298.5606644,69.05965023164471
13,3.0776682876536586e-4,0.9996922331712347,9961745.723638885,3065.8948903312844,9960212.77619372,678187136.5020968,68.07914549482845
14,3.3320122248183616e-4,0.9996667987775182,9958679.828748554,3318.244293244221,9957020.706601933,668226923.725903,67.09995051722383
15,3.60737559368464e-4,0.9996392624406315,9955361.58445531,3591.272840606973,9953565.948035005,658269903.0193012,66.12214909874791
16,3.9054954771725064e-4,0.9996094504522828,9951770.311614702,3886.659394187084,9949826.981917609,648316337.0712662,65.14583001525033
17,4.2282525137991834e-4,0.9995771747486201,9947883.652220516,4206.216405948319,9945780.544017542,638366510.0893486,64.17108727913758
18,4.577682761366936e-4,0.9995422317238634,9943677.435814567,4551.900078252172,9941401.4857754409,628420729.545331,63.1980204106301
19,4.955990541086983e-4,0.9995044009458913,9939125.535736315,4925.821214178527,9936662.625129227,618479328.0595555,62.22673471985049
20,4.755126916194201e-4,0.9995244873083806,9934199.714522136,4723.838045337296,9931837.795499468,608542665.4344263,61.257341599931685
21,5.808840196655664e-4,0.9994191159803344,9929475.8764768,5767.873860300117,9926591.939546648,598610827.6389269,60.28624623149066
22,5.333226255378956e-4,0.9994666773744622,9923708.002616499,5292.538007026857,9921061.733612984,588684235.6993802,59.32099529169609
23,6.026975901256298e-4,0.9993973024098743,9918415.464609472,5977.805098384908,9915426.56206028,578763173.9657673,58.352382598902906
24,6.751660777336281e-4,0.9993248339222663,9912437.659511087,6692.541655351205,9909091.388683412,568847747.4037069,57.387271117704486
25,6.536627729963565e-4,0.9993463372270036,9905745.117855737,6475.016822332702,9902507.60944457,558938656.0150236,56.42570542295713
26,7.238759247079974e-4,0.999276124075292,9899270.101033403,7165.8432983197845,9895687.179384243,549036148.405579,55.46228588593255
27,6.237530310489201e-4,0.9993762469689511,9892104.257735083,6170.230014214186,9889019.142727977,539140461.2261947,54.50210058235248
28,6.895571842795722e-4,0.9993104428157205,9885934.02772087,6816.916832128813,9882525.569304805,529251442.08346677,53.53580557986809
29,7.919362826731593e-4,0.9992080637173268,9879117.110888742,7823.631280890032,9875205.295248296,519368916.51416194,52.57240203597897
30,7.373805658677916e-4,0.9992626194341322,9871293.47960785,7278.899971840278,9867654.029621929,509493711.2189136,51.6136727442485
31,8.511270228769465e-4,0.9991488729771231,9864014.57963601,8395.529362780391,9859816.81495462,499626057.1892917,50.65139078573101
32,0.0010279314702849672,0.998972068529715,9855619.05027323,10130.900980915892,9850553.599782772,489766240.3743371,49.69411235114238
33,9.41645337799739e-4,0.9990583546622003,9845488.149292314,9270.958014143689,9840852.670285244,479915686.7745543,48.7447325614881
34,0.001141834899591706,0.9988581651004083,9836217.19127817,11231.336068965324,9830601.523243688,470074834.1042691,47.79020480770667
35,0.0010227711362063615,0.9989772288637936,9824985.855209203,10048.711946343748,9819961.499236032,460244232.58102536,46.84426414079813
36,0.0011892744365630992,0.9988107255634369,9814937.14326286,11672.65384095617,9809100.816342382,450424271.0817894,45.89171224504156
37,0.001234567863382879,0.9987654321366172,9803264.489421904,12102.795294882852,9797213.091774464,440615170.26544696,44.945759725333076
38,0.001165468096401306,0.9988345319035987,9791161.694127021,11411.286581211605,9785456.050836416,430817957.1736725,44.0006988580413
39,0.0013168524014038159,0.9986831475985962,9779750.40754581,12878.487809306647,9773311.163641158,421032501.1228361,43.05145669136689
40,0.0014827726570440924,0.9985172273429559,9766871.919736505,14482.050627437033,9759630.894422784,411259189.95919496,42.10756456508238
41,0.0013615148789662406,0.9986384851210338,9752389.869109066,13278.023912271621,9745750.857152931,401499559.0647721,41.16935073899494
42,0.0013552614107096722,0.9986447385892904,9739111.845196795,13199.042458380687,9732512.323967606,391753808.2076192,40.22479815762945
43,0.001563490723527785,0.9984365092764722,9725912.802738415,15206.374444921632,9718309.615515955,382021295.8836516,39.27870870650724
44,0.0016354831594448643,0.9983645168405552,9710706.428293493,15881.696829786995,9702765.579878598,372302986.26813567,38.33943380096212
45,0.0015677607269910156,0.998432239273009,9694824.731463706,15199.165469050018,9687225.14872918,362600220.68825704,37.40142093662299
46,0.0017053048266453508,0.9982946951733547,9679625.565994656,16506.712197810422,9671372.20989575,352912995.5395279,36.45936437658716
47,0.0016488241601752564,0.9983511758398247,9663118.853796845,15932.78382878527,9655152.461882453,343241623.3296321,35.52079080500652
48,0.0018224205078248576,0.9981775794921751,9647186.06996806,17581.229736712085,9638395.455099704,333586470.8677497,34.578629296496416
49,0.0017122461139401435,0.9982877538860598,9629604.840231348,16488.25346646532,9621360.713498116,323948075.41265,33.64084827855379
50,0.0019494849921788424,0.9980505150078212,9613116.586764883,18740.626513963638,9603746.2735079,314326714.6991519,32.697690895781875
51,0.002071527209390424,0.9979284727906096,9594375.960250918,19875.010858781152,9584438.454821527,304722968.425644,31.76058241704286
52,0.002127740431076133,0.9978722595689239,9574500.949392138,20372.052777398472,9564314.923003439,295138529.97082245,30.825473988757615
53,0.0023235049064940453,0.997676495093506,9554128.89661474,22199.06536856089,9543029.36393046,285574215.047819,29.890136310491364
54,0.0024384335056086112,0.9975615664943914,9531929.831246179,23242.977073620918,9520308.342709368,276031185.68388855,28.958583473730943
55,0.0027822753523094336,0.9972177246476905,9508686.854172558,26455.785067193032,9495458.961638961,266510877.34117916,28.02814746436098
56,0.0030860727556073493,0.9969139272443927,9482231.069105364,29262.854964739614,9467599.641622994,257015418.3795402,27.104952042029204
57,0.003539534170248916,0.9964604658297511,9452968.214140626,33459.104004227614,9436238.662138512,247547818.7379172,26.187311025505434
58,0.00397858474433402,0.996021415255666,9419509.110136399,37476.315244704,9400770.952514047,238111580.0757787,25.27855510214913
59,0.004480664804647245,0.9955193351953527,9382032.794891695,42037.744140117444,9361013.922821637,228710809.12326464,24.377532473324173
60,0.005350962211572618,0.9946490377884274,9339995.050751578,49977.96057284697,9315006.070465155,219349795.200443,23.485001224148636
61,0.005859502952971398,0.9941404970470286,9290017.09017873,54434.882573057024,9262799.648892201,210034789.12997785,22.608654762543285
62,0.006741909456222516,0.9932580905437774,9235582.207605673,62265.459019177106,9204449.478096083,200771989.48108566,21.73896403799494
63,0.007511095922627669,0.9924889040773723,9173316.748586494,68901.66202728012,9138865.917572856,191567540.00298956,20.88312714509809
64,0.00852476614713684,0.9914752338528632,9104415.086559216,77613.00951938193,9065608.581799524,182428674.0854167,20.037385416964884
65,0.01059882720449765,0.9894011727955023,9026802.077039832,95673.51542374566,8978965.31932796,173363065.5036172,19.20536908021676
66,0.012504897414568185,0.9874951025854318,8931128.561616087,111682.84645932908,8875287.138386423,164384100.18428922,18.405747834688423
67,0.013680315524147014,0.9863196844758529,8819445.715156758,120652.80013143086,8759119.315091044,155508813.04590282,17.63249279698512
68,0.015151704760451263,0.9848482952395488,8698792.915025327,131801.54202076897,8632892.144014943,146749693.73081177,16.87012154034989
69,0.01676607696469318,0.9832339230353068,8566991.37300456,143634.83671565694,8495173.954646729,138116801.58679682,16.12197276420945
70,0.01887709619419523,0.9811229038058048,8423356.5362889,159008.5116135287,8343852.280482136,129621627.6321501,15.388358200644067
71,0.02046809223605569,0.9795319077639443,8264348.024675372,169155.43763992016,8179770.305855412,121277775.35166796,14.674814636261862
72,0.02269995768376317,0.9773000423162368,8095192.587035452,183760.52916761808,8003312.322451643,113098005.04581255,13.971008574513762
73,0.024881576176883066,0.975118423823117,7911432.057867833,196848.89941607325,7813007.608159797,105094692.7233609,13.283902579792159
74,0.027978799286682884,0.9720212007133171,7714583.158451761,215844.77377074593,7606660.771566388,97281685.1152011,12.61010259622693
75,0.029847078564192876,0.9701529214358071,7498738.384681015,223815.43369990305,7386830.667831063,89675024.34363471,11.958681546595834
76,0.03363234919110703,0.966367650808893,7274922.950981112,244672.74902579558,7152586.576468214,82288193.67580365,11.311211710456133
77,0.037238398237932346,0.9627616017620677,7030250.201955316,261795.25673271634,6899352.573588958,75135607.09933543,10.687472698829133
78,0.0418780979531035,0.9581219020468965,6768454.9452226,283450.0191871999,6626729.935629001,68236254.52574648,10.081511227892547
79,0.0460845629577462,0.9539154370422538,6485004.9260354005,298858.6177951726,6335575.617137814,61609524.59011748,9.500304979379928
80,0.051569120029456975,0.948430879970543,6186146.308240228,319014.12148942245,6026639.247495517,55273948.972979665,8.935118281853802
81,0.05703137883157961,0.9429686211684204,5867132.186750805,334610.63839753927,5699826.867552035,49247309.72548415,8.39376174900145
82,0.0663800734787865,0.9336199265212135,5532521.548353265,367249.18690265936,5348896.9549019355,43547482.85793211,7.871181788870549
83,0.07353993463399933,0.9264600653660007,5165272.361450607,379853.79182788095,4975345.465536666,38198585.90303018,7.395270419448424
84,0.08476330448420696,0.915236695515793,4785418.569622725,405627.8913013092,4582604.62397207,33223240.437493514,6.942598636698311
85,0.09356764964365125,0.9064323503563487,4379790.678321416,409806.7197017078,4174887.318470562,28640635.81352144,6.53927046223546
86,0.1013002452898692,0.8986997547101307,3969983.9586197077,402160.3488050223,3768903.7842171965,24465748.49505088,6.1626819528906065
87,0.10967187628276551,0.8903281237172345,3567823.6098146853,391289.909534326,3372178.6550475224,20696844.710833684,5.800971957778117
88,0.11873535363082785,0.8812646463691721,3176533.7002803595,377166.8522230306,2987950.2741688443,17324666.055786163,5.453953173629826
89,0.12854785273745886,0.8714521472625412,2799366.8480573287,359852.59734219784,2619440.54938623,14336715.781617317,5.12141371952252
90,0.13917127408227176,0.8608287259177283,2439514.250715131,339510.3064138833,2269759.0975081893,11717275.232231088,4.803118173544684
91,0.150672633709725,0.8493273662902749,2100003.9443012476,316413.1250886796,1941797.3817569078,9447516.134722898,4.49880875717424
92,0.16312448598842622,0.8368755140115738,1783590.819212568,290947.33559772617,1638117.1514137047,7505718.75296599,4.208206653743411
93,0.17660538130801098,0.823394618691989,1492643.4836148417,263608.871580717,1360839.0478244834,5867601.601552286,3.931013444243427
94,0.19120036160089954,0.8087996383991005,1229034.6120341248,234991.86224094592,1111538.6809136518,4506762.553727803,3.6669126398880216
95,0.20700149681484503,0.792998503185155,994042.7497931789,205768.33710513252,891158.5812406127,3395223.872814151,3.4155712855614744
96,0.22410846572052046,0.7758915342794795,788274.4126880465,176658.96919426246,699944.9280909152,2504065.2915735384,3.1766416000166466
97,0.2426291847180684,0.7573708152819316,611615.4434937839,148395.75641587665,537417.5652858457,1804120.3634826231,2.9497626043855103
98,0.26268048860933435,0.7373195113906656,463219.6870779073,121678.77373508766,402380.30021036346,1266702.7981967775,2.73456166379158
99,0.2843888676303175,0.7156111323696825,341540.91334281967,97130.43359498889,292975.6965453252,864322.497986414,2.530655813755629
100,0.30789126539328476,0.6921087346067152,244410.4797478308,75251.85188493943,206784.5538053611,571346.8014410888,2.3376526326963263
101,0.3333359427722275,0.6666640572277724,169158.6278628914,56386.65069673329,140965.30251452472,364562.2476357277,2.155150182059985
102,0.3608834131813378,0.6391165868186621,112771.97716615807,40697.53603093102,92423.20915069256,223596.94512120294,1.9827349909078522
103,0.3907074551465474,0.6092925448534525,72074.44113522705,28160.021477054197,57994.43039669995,131173.73597051037,1.819975762620211
104,0.42299620855776543,0.5770037914422346,43914.41965817285,18575.633016421714,34626.60314996199,73179.30557381043,1.6664072107392893
105,0.4579533615173345,0.5420466384826654,25338.786641751136,11603.982519360465,19536.7953820709,38552.702423848445,1.521489681764182
106,0.4957994352717381,0.5042005647282619,13734.80412239067,6809.708127449234,10329.950058666052,19015.90704177754,1.3845051500062926
107,0.5367731753323306,0.4632268246676694,6925.0959949414355,3717.2057666859196,5066.4931115984755,8685.95698311149,1.2542724302242607
108,0.5811330575607392,0.4188669424392608,3207.890228255516,1864.2110566653455,2275.784699922843,3619.4638715130136,1.1283004136588912
109,0.62915891871982,0.37084108128018,1343.6791715901704,845.3877347040151,1343.6791715901704,1343.6791715901704,1
