Edad,qx,origen,px,lx,dx,Lx,Tx,ex,qx_ref,ex_ref,dif_qx_pct,dif_ex_pct
0,2.2550909332821295e-4,Oppermann,0.9997744909066718,10000000,2255.0909332821298,9998872.454533359,778258247.4288929,77.82582474288928,0.01080429,52.761753511940256,-97.91278192895402,47.50424230172126
1,1.8729558534106777e-4,Oppermann,0.999812704414659,9997744.909066718,1872.5334848343314,9996808.642324302,768259374.9743595,76.84326635275954,0.00440199,52.33257194063272,-95.74520647840936,46.83640322499785
2,1.5740387043954184e-4,Oppermann,0.9998425961295605,9995872.375581885,1573.3890003362862,9995085.681081716,758262566.3320352,75.85756778811363,0.00454767,51.56174723132755,-96.53880183831409,47.11985505026598
3,1.358339486236351e-4,Oppermann,0.9998641660513764,9994298.986581547,1357.5650950725662,9993620.204034012,748267480.6509535,74.8694312283018,0.00471059,50.795020055181894,-97.11641325983294,47.395219348208414
4,1.2258581989334758e-4,Oppermann,0.9998774141801067,9992941.421486476,1224.992917299114,9992328.925027827,738273860.4469194,73.87953449416891,0.00484162,50.033060585043195,-97.46808258613135,47.66143352072758
5,1.1765948424867932e-4,Oppermann,0.9998823405157513,9991716.428569177,1175.6202017445055,9991128.618468305,728281531.5218916,72.8885308873985,0.00504765,49.27404760942997,-97.66902451143245,47.924788856698754
6,1.2105494168963024e-4,Oppermann,0.9998789450583103,9990540.808367433,1209.404335004791,9989936.106199931,718290402.9034233,71.89704908685519,0.00524207,48.52149093816399,-97.69070344940775,48.17567988271654
7,1.3277219221620042e-4,Oppermann,0.9998672278077838,9989331.404032428,1326.3054292875206,9988668.251317784,708300466.7972234,70.90569309886959,0.00543836,47.774549505892345,-97.55859869121942,48.41729295662815
8,1.5281123582838976e-4,Oppermann,0.9998471887641716,9988005.09860314,1526.279402577804,9987241.958901852,698311798.5459056,69.91504225839523,0.00563282,47.03305135103777,-97.28712730340415,48.65087475735843
9,1.811720725261983e-4,Oppermann,0.9998188279274738,9986478.819200562,1809.2710649135474,9985574.183668105,688324556.5870038,68.92565127796522,0.0058262,46.2966484483506,-96.89039043413892,48.87827432013777
10,2.1785470230962616e-4,HP_Cabeza,0.9997821452976904,9984669.548135648,2175.207212069081,9983581.944529613,678338982.4033357,67.93805034138522,0.00613027,45.565032540940635,-96.4462462124894,49.101287879784145
11,2.362400043879382e-4,HP_Cabeza,0.9997637599956121,9982494.34092358,2358.2645069023547,9981315.208670128,668355400.458806,66.95274523911925,0.00634584,44.84299735735049,-96.2772461267864,49.30479491720376
12,2.5617688799709263e-4,HP_Cabeza,0.9997438231120029,9980136.076416677,2556.6802018439384,9978857.736315755,658374085.2501359,65.96844774550631,0.00658733,44.126188006248064,-96.11106642604678,49.49953922184596
13,2.7779629497511835e-4,HP_Cabeza,0.9997222037050248,9977579.396214833,2771.734589088559,9976193.52892029,648395227.5138202,64.98522354628419,0.00686127,43.415473723772884,-95.9512408785091,49.682170830950575
14,3.012402176685775e-4,HP_Cabeza,0.9996987597823315,9974807.661625745,3004.8132311903337,9973305.25501015,638419033.9848999,64.00314228022388,0.00715908,42.711962666860124,-95.79219372225792,49.84828203617863
15,3.266626315125615e-4,HP_Cabeza,0.9996733373684874,9971802.848394554,3257.4153593810215,9970174.140714863,628445728.7298898,63.0222777449986,0.00812627,42.01634055016601,-95.98016517402743,49.99468521003692
16,3.542305063134416e-4,HP_Cabeza,0.9996457694936866,9968545.433035173,3531.162895952595,9966779.851587195,618475554.5891749,62.04270811061193,0.00845708,41.35647758829746,-95.81143247653515,50.01932400589166
17,3.841249028762936e-4,HP_Cabeza,0.9996158750971237,9965014.27013922,3827.8101386781073,9963100.365069881,608508774.7375877,61.06451614033527,0.00878197,40.704951156625135,-95.62598252013734,50.017416567754346
18,4.165421621794492e-4,HP_Cabeza,0.9995834578378205,9961186.460000541,4149.254145921279,9959111.83292758,598545674.3725178,60.087789419061366,0.0090946,40.0611580296064,-95.41989573835629,49.990146002905554
19,4.516951949064551e-4,HP_Cabeza,0.9995483048050935,9957037.20585462,4497.545861389328,9954788.432923924,588586562.5395902,59.112620588934654,0.00939622,39.42425314223376,-95.19279886053694,49.93973475076302
20,9.104738868681976e-4,Graduación,0.9990895261131318,9952539.65999323,9061.527468443925,9948008.896259008,578631774.1066663,58.13910759206761,0.00954636,38.79346316671007,-90.46260682743792,49.868309880512726
21,0.0010228133852227838,Graduación,0.9989771866147772,9943478.132524787,10170.322529616402,9938392.971259978,568683765.2104073,57.19163431860544,0.00984314,38.16254978548018,-89.60887089665714,49.86324194817116
22,0.0010807023742855169,Graduación,0.9989192976257145,9933307.80999517,10734.949334770648,9927940.335327785,558745372.2391473,56.24967864953527,0.0101216,37.53695283743242,-89.32281087688195,49.85147807054341
23,0.0011323023005909505,Graduación,0.9988676976994091,9922572.8606604,11235.3520779071,9916955.184621446,548817431.9038196,55.309992641091355,0.01037641,36.91565917332111,-89.08772590336204,49.827996789676185
24,0.0011663286150471923,Graduación,0.9988336713849528,9911337.508582493,11559.87654965031,9905557.570307668,538900476.7191981,54.37212447387144,0.01061386,36.297484964279306,-89.01126814328443,49.79584543496485
25,0.001220042926070998,Graduación,0.998779957073929,9899777.632032843,12078.153669637566,9893738.555198025,528994919.14889044,53.435030443230815,0.01071761,35.68151045079255,-88.61646462158076,49.755516983849894
26,0.0012915692609339045,Graduación,0.9987084307390661,9887699.478363205,12770.648707606117,9881314.154009402,519101180.59369236,52.49969234295778,0.01094971,35.062657140589096,-88.2045345407878,49.73107181367407
27,0.0013653654220923345,Graduación,0.9986346345779077,9874928.829655599,13482.88636963448,9868187.386470782,509219866.43968296,51.56694040269277,0.01118516,34.44529801976914,-87.79306311136959,49.70676222077403
28,0.0014650842755858965,Graduación,0.9985349157244141,9861445.943285964,14447.849386048596,9854222.01859294,499351679.0532122,50.63676076764273,0.01142773,33.82927646976773,-87.1795686843678,49.683250875599946
29,0.0015784219891173431,Graduación,0.9984215780108826,9846998.093899917,15542.718318208194,9839226.734740812,489497457.0346193,49.710323122521615,0.01167715,33.21455732798142,-86.48281482110495,49.66426507404761
30,0.0016423057051623232,Graduación,0.9983576942948377,9831455.375581708,16146.25525336663,9823382.247955024,479658230.2998784,48.788120575840786,0.01183078,32.60108364688868,-86.11836493314622,49.65183705019858
31,0.0016910110259833837,Graduación,0.9983089889740167,9815309.12032834,16597.79594591049,9807010.222355384,469834848.0519234,47.86755488717675,0.01217004,31.985411402399972,-86.10513173347513,49.654335487412524
32,0.001750798381645621,Graduación,0.9982492016183544,9798711.32438243,17155.56792894138,9790133.54041796,460027837.829568,46.94778962258709,0.01242405,31.37331087062795,-85.9079898934275,49.64244550466027
33,0.0018546932780866697,Graduación,0.9981453067219134,9781555.75645349,18141.785710724256,9772484.863598127,450237704.28915006,46.02925296337454,0.01260603,30.76170789257064,-85.2872531789416,49.631656096998476
34,0.0019400123992024073,Graduación,0.9980599876007976,9763413.970742766,18941.144161786975,9753943.398661874,440465219.42555195,45.11385266930794,0.01274172,30.1480582341116,-84.7743287468065,49.640989542281716
35,0.002052490477377136,Graduación,0.9979475095226229,9744472.82658098,20000.43768361773,9734472.607739171,430711276.0268901,44.200572333887116,0.0128699,29.530701017885203,-84.05200912689969,49.6766782038704
36,0.0022193527388275265,Graduación,0.9977806472611724,9724472.388897361,21582.03442995202,9713681.371682385,420976803.4191509,43.290451819246165,0.01313684,28.909194409009718,-83.10588589929141,49.74630979600886
37,0.002328099037331615,Graduación,0.9976719009626683,9702890.354467409,22589.289693569786,9691595.709620625,411263122.04746854,42.38563015999811,0.01348688,28.28736947583464,-82.73804588361715,49.839419307643084
38,0.0024162599003290245,Graduación,0.997583740099671,9680301.064773839,23390.123285925387,9668606.003130876,401571526.3378479,41.483371607020345,0.01392834,27.66725790310284,-82.65220478298905,49.93669322888717
39,0.0025591772364209142,Graduación,0.997440822763579,9656910.941487914,24713.746655599927,9644554.068160113,391902920.33471704,40.58263793766887,0.01446344,27.050997564520653,-82.30588825050668,50.022703750104746
40,0.002636153178680041,Graduación,0.99736384682132,9632197.194832314,25391.947252830178,9619501.221205898,382258366.2665569,39.68547970255831,0.01491453,26.440652069285644,-82.32493294337777,50.09266639327063
41,0.0026646054332527566,Graduación,0.9973353945667472,9606805.247579483,25598.345458901385,9594006.074850034,372638865.045351,38.789051660981734,0.01560964,25.833402389221764,-82.92974448319912,50.15076634723632
42,0.0027533218718977055,Graduación,0.9972466781281023,9581206.902120583,26380.146522785857,9568016.82885919,363044858.97050095,37.891349459340994,0.01637149,25.235118321579016,-83.18221571831455,50.15324666395323
43,0.0029044808884852173,Graduación,0.9970955191115147,9554826.755597796,27751.811704421016,9540950.849745587,353476842.1416418,36.99458411787044,0.01718933,24.646809054547447,-83.10300117290657,50.09887907191285
44,0.003039280428909926,Graduación,0.9969607195710901,9527074.943893375,28955.452421733266,9512597.217682507,343935891.2918962,36.10089070542589,0.01805512,24.069136041784574,-83.16665616783536,49.9883113492479
45,0.003181782489386723,Graduación,0.9968182175106133,9498119.49147164,30220.950280067194,9483009.016331607,334423294.0742137,35.209421651779834,0.01883983,23.50250413422857,-83.11140552018398,49.81136244329619
46,0.0033756061744841257,Graduación,0.9966243938255158,9467898.541191574,31959.896775035522,9451918.592804056,324940285.0578821,34.32021199257454,0.01978603,22.944188663129864,-82.9394467991602,49.58128394282847
47,0.0035632084601340723,Graduación,0.996436791539866,9435938.644416539,33622.216407091044,9419127.536212994,315488366.46507806,33.43476238601443,0.02077704,22.397234022414374,-82.85025942033094,49.280765439848864
48,0.0036917994957886735,Graduación,0.9963082005042113,9402316.428009449,34711.467048170845,9384960.694485363,306069238.928865,32.55253545999435,0.02181627,21.861847012262025,-83.07776950052106,48.901121857343796
49,0.003769803922535971,Graduación,0.996230196077464,9367604.960961279,35314.03392659925,9349947.94399798,296684278.23437965,31.671305469304794,0.02290607,21.33827675426786,-83.5423364962389,48.4248509569557
50,0.0038936058060281054,Graduación,0.9961063941939718,9332290.927034678,36336.26213704563,9314122.795966156,287334330.29038167,30.78925984379719,0.02419355,20.82678969182406,-83.90643040798847,47.83488141662121
51,0.003971818566897537,Graduación,0.9960281814331025,9295954.664897632,36921.845335078186,9277493.742230093,278020207.4944155,29.907655266892064,0.02537782,20.33075971861434,-84.34925235147251,47.10544849688701
52,0.004157979389624843,Graduación,0.9958420206103752,9259032.819562554,38498.8676316011,9239783.385746755,268742713.75218546,29.024922903867868,0.02658361,19.847125404651,-84.3588610063688,46.24245230529018
53,0.004383689591173151,Graduación,0.9956163104088268,9220533.951930953,40419.95871013836,9200323.972575884,259502930.3664387,28.14402416598595,0.02778798,19.375487615994423,-84.22451149319544,45.255823872804726
54,0.004706623996375135,Graduación,0.9952933760036249,9180113.993220814,43207.34480995225,9158510.320815839,250302606.3938628,27.265740553843052,0.02896646,18.914990997534083,-83.75146981586589,44.14884235153822
55,0.004951256793507422,Graduación,0.9950487432064926,9136906.648410862,45239.171114587414,9114287.062853567,241144096.07304695,26.392312557443933,0.03023407,18.46432022063222,-83.62358493743176,42.93682216338998
56,0.005185490008553989,Graduación,0.994814509991446,9091667.477296274,47144.75086461508,9068095.101863967,232029809.0101934,25.521149952923224,0.03130672,18.024387859895448,-83.43649539602363,41.5923256384656
57,0.005454218735958904,Graduación,0.9945457812640411,9044522.72643166,49330.805312309676,9019857.323775506,222961713.90832943,24.651573184370186,0.03230843,17.59074990165664,-83.11827985464194,40.13941032751867
58,0.005893015104790713,Graduación,0.9941069848952093,8995191.921119351,53008.80186164773,8968687.520188527,213941856.58455393,23.7840235606592,0.033239,17.161360738790606,-82.27078099584611,38.59054606840755
59,0.006425691906885993,Graduación,0.993574308093114,8942183.119257703,57459.71369930677,8913453.26240805,204973169.0643654,22.922050055420957,0.03410416,16.734208598392573,-81.15862725577762,36.97719805896745
60,0.007140304582843047,Graduación,0.9928596954171569,8884723.405558396,63439.631250001505,8853003.589933395,196059715.80195734,22.067059023953394,0.03568219,16.307411240525248,-79.98916382979002,35.319203633713194
61,0.007804310001134682,Graduación,0.9921956899988653,8821283.774308395,68844.03318268209,8786861.757717054,187206712.21202394,21.222161875945467,0.03646622,15.892325306659272,-78.59852213600784,33.53717260653395
62,0.008491880494025094,Graduación,0.991508119505975,8752439.741125712,74324.67231279548,8715277.404969316,178419850.4543069,20.385156108639382,0.03722138,15.47486837115277,-77.18547648146014,31.73072377558989
63,0.009608205440272828,Graduación,0.9903917945597271,8678115.068812918,83381.11241548188,8636424.512605175,169704573.0493376,19.555464718279143,0.03796311,15.053802359209815,-74.69067881879849,29.903822646610223
64,0.011681051677747991,Graduación,0.988318948322252,8594733.956397435,100395.53150117389,8544536.190646848,161068148.5367324,18.74032975934553,0.03870763,14.62811256043395,-69.82235368647476,28.111741565581656
65,0.014764538163195558,Graduación,0.9852354618368044,8494338.42489626,125414.98384547929,8431630.93297352,152523612.34608555,17.955914247429845,0.04007493,14.196998542112581,-63.157669487643375,26.476833776992976
66,0.01767071915077196,Graduación,0.982329280849228,8368923.441050782,147884.8957211204,8294980.9931902215,144091981.41311204,17.217505026550967,0.0408964,13.768820525869359,-56.79150450706673,25.047058273452656
67,0.020065400395223844,Graduación,0.9799345996047761,8221038.545329661,164958.43007660823,8138559.330291357,135797000.41992182,16.51822937833901,0.04178883,13.33460611123695,-51.983818653875105,23.874895445312422
68,0.022189225789706366,Graduación,0.9778107742102936,8056080.115253053,178758.18065731367,7966701.024924396,127658441.08963045,15.846222885485856,0.04278337,12.894339904466936,-48.13586262674875,22.89285843935533
69,0.024195688432061636,Graduación,0.9758043115679383,7877321.934595738,190597.2272085235,7782023.320991476,119691740.06470607,15.19447104720224,0.04391568,12.44831234228237,-44.90421546003242,22.060490044037323
70,0.02625229358110463,Graduación,0.9737477064188954,7686724.7073872145,201794.15369545974,7585827.630539484,111909716.74371459,14.558829801224102,0.04529994,11.997132410122958,-42.047840281676685,21.35258079622119
71,0.028111225764358025,Graduación,0.971888774235642,7484930.553691755,210410.57262537023,7379725.26737907,104323889.11317511,13.937856652754107,0.04683533,11.542664384165807,-39.978589316317354,20.75077459476356
72,0.029829242988053582,Graduación,0.9701707570119464,7274519.981066385,216993.42413668014,7166023.2689980455,96944163.84579603,13.326537571979397,0.04864091,11.085264049039719,-38.674578686842864,20.218494688304993
73,0.031621992435503204,Graduación,0.9683780075644968,7057526.556929706,223173.05139659412,6945940.031231408,89778140.57679799,12.72090722615076,0.05076533,10.626465453795912,-37.70947133505641,19.709674693448388
74,0.03363295689202149,Graduación,0.9663670431079785,6834353.50553311,229859.51683643105,6719423.747114895,82832200.54556659,12.119976012142981,0.0532563,10.16803159833586,-36.84698919748182,19.19687596296007
75,0.03591524884186035,Graduación,0.9640847511581396,6604493.98869668,237202.04507861208,6485892.966157374,76112776.79845169,11.524391865404915,0.05714919,9.711878461230702,-37.15527929291675,18.66285097584025
76,0.03895056611381727,Graduación,0.9610494338861827,6367291.943618068,248009.62581587158,6243287.130710132,69626883.83229432,10.935085818089634,0.06055723,9.270239748991361,-35.67974275934142,17.95904004833763
77,0.04258825333365793,Graduación,0.9574117466663421,6119282.317802196,260609.5455707334,5988977.545016829,63383596.70158418,10.35801151340719,0.06444797,8.835576395985635,-33.91839442940106,17.230739107334976
78,0.04667685963946685,Graduación,0.9533231403605331,5858672.772231462,273464.4466630141,5721940.548899955,57394619.15656735,9.796522418627381,0.06883571,8.409794569079857,-32.19092293888324,16.489437859113494
79,0.05123756979528721,Graduación,0.9487624302047128,5585208.325568448,286172.50140253257,5442122.0748671815,51672678.607667394,9.251701207118051,0.07371979,7.9945209497669385,-30.496858719636595,15.725523333424537
80,0.05637647611502221,Graduación,0.9436235238849778,5299035.824165916,298740.9665737368,5149665.340879047,46230556.53280021,8.724333646126471,0.08005169,7.590986797361177,-29.574908268617172,14.930164931379867
81,0.06230225688879037,Graduación,0.9376977431112097,5000294.857592179,311529.6547374054,4844530.030223477,41080891.19192117,8.215693746449,0.08593481,7.208027418802668,-27.5005589832684,13.979779336268356
82,0.06932576652707782,Graduación,0.9306742334729222,4688765.202854774,325052.24175339675,4526239.081978075,36236361.16169769,7.728337759296421,0.09222398,6.838675066274724,-24.828914858068558,13.009284465189966
83,0.07741552689194076,Graduación,0.9225844731080592,4363712.961101377,337819.1380888541,4194803.39205695,31710122.079719614,7.266775418637103,0.09885844,6.482642112836075,-21.690523447526836,12.09589072098227
84,0.08662243932431904,Graduación,0.913377560675681,4025893.8230125234,348732.74341005314,3851527.451307497,27515318.687662665,6.834586280040867,0.10576601,6.138959269436064,-18.099927070786688,11.331350805145576
85,0.09487563734138273,HP_Cola,0.9051243626586173,3677161.0796024706,348873.00103421137,3502724.579085365,23663791.236355167,6.43534257109928,0.11424258,5.805910234340415,-16.952473113454957,10.841234386228361
86,0.10288242917970894,HP_Cola,0.8971175708202911,3328288.0785682593,342422.36253296846,3157076.897301775,20161066.657269802,6.0574884689496455,0.121534,5.490252087688314,-15.346792519205376,10.331700115070083
87,0.11156493416567503,HP_Cola,0.888435065834325,2985865.7160352906,333117.91203702334,2819306.7600167794,17003989.759968027,5.694827355647582,0.12964852,5.1806434030324615,-13.948162180582512,9.925098344235494
88,0.12098017741834408,HP_Cola,0.8790198225816559,2652747.8039982677,320929.89997383306,2492282.8540113512,14184682.999951249,5.347166051206167,0.13990696,4.8778772261436965,-13.528120818046451,9.620759262804903
89,0.1311899965489076,HP_Cola,0.8688100034510924,2331817.9040244343,305911.18278164644,2178862.3126336113,11692400.145939898,5.014285260337111,0.15006501,4.590004246684402,-12.577891042750345,9.243586516487191
90,0.14226144779890798,HP_Cola,0.8577385522010921,2025906.7212427878,288208.4232695377,1881802.5096080191,9513537.833306286,4.695940703267043,0.16293381,4.3121377455991095,-12.687582890924867,8.900526381830822
91,0.1542672464534793,HP_Cola,0.8457327535465207,1737698.2979732503,268069.93159523094,1603663.3321756348,7631735.323698267,4.391864417775788,0.17478192,4.054165239428808,-11.737297282533971,8.329684618246073
92,0.16728624442216028,HP_Cola,0.8327137555778397,1469628.3663780193,245848.61010765345,1346704.0613241927,6028071.991522633,4.101766221605501,0.18747762,3.806940584031808,-10.770019151000385,7.744424454911049
93,0.18140394812394472,HP_Cola,0.8185960518760553,1223779.7562703658,221998.47942160314,1112780.5165595643,4681367.930198439,3.8253353237886047,0.20106321,3.569968613088304,-9.777652448727576,7.153192041074795
94,0.1967130800779434,HP_Cola,0.8032869199220566,1001781.2768487628,197063.48053333504,903249.5365820951,3568587.4136388754,3.5622420743022323,0.21557974,3.3425675867152194,-8.751592298078013,6.572028295256989
95,0.21331418788808393,HP_Cola,0.786685812111916,804717.7963154275,171657.72320011395,718888.9347153705,2665337.8770567803,3.3121398448755572,0.23386842,3.123781449391962,-8.788801887794884,6.029819900501004
96,0.23131630462154926,HP_Cola,0.7686836953784507,633060.0731153135,146437.11671648212,559841.5147570726,1946448.9423414096,3.074667041885706,0.25056103,2.924713871463126,-7.68065384247932,5.127105659315796
97,0.25083766491820103,HP_Cola,0.749162335081799,486622.9563988315,122063.36607867444,425591.2733594943,1386607.427584337,2.84944926940086,0.26830449,2.7353720163005746,-6.510075579353508,4.170447471878732
98,0.2720064815342643,HP_Cola,0.7279935184657357,364559.590320157,99162.57147255875,314978.3045838777,961016.1542248428,2.6361016956950065,0.28712621,2.5550577197071696,-5.265882367804623,3.1719039207116335
99,0.2949617874204723,HP_Cola,0.7050382125795277,265397.0188475983,78281.97905535236,226256.0293199221,646037.8496409651,2.4342317500255954,0.30704706,2.382779179898267,-3.9359675287324634,2.1593511711616125
100,0.3198543488652873,HP_Cola,0.6801456511347127,187115.03979224592,59849.55921565114,157190.26018442033,419781.820321043,2.243442434061566,0.3320466,2.21703758107768,-3.6718494135198876,1.1909970858974308
101,0.3468476557005571,HP_Cola,0.6531523442994429,127265.48057659477,44141.733589596675,105194.61378179642,262591.5601366227,2.063336884023173,0.35446258,2.070594866464756,-2.1483013240616082,-0.3505264385193435
102,0.37611899507309876,HP_Cola,0.6238810049269012,83123.74698699809,31264.42018346024,67491.53689526796,157396.94635482624,1.8935256417091701,0.37799926,1.933003599488867,-0.4974255576323728,-2.0423116537463146
103,0.4078606158345457,HP_Cola,0.5921393841654543,51859.32680353784,21151.376966855907,41283.638320109894,89905.4094595583,1.7336401183947678,0.40263525,1.8038615669313622,1.2977914463638471,-3.892840217004654
104,0.4422809911969606,HP_Cola,0.5577190088030394,30707.94983668194,13581.542491394233,23917.178590984822,48621.77113944841,1.5833610318513565,0.42833402,1.6826891642524306,3.2560970050804383,-5.902940038554462
105,0.479606187947107,HP_Cola,0.520393812052893,17126.407345287706,8213.93094010277,13019.44187523632,24704.59254846358,1.4424853999085219,0.45504205,1.5688465041289152,5.398212746955374,-8.054395626840115
106,0.5200813512121307,HP_Cola,0.4799186487878693,8912.476405184936,4635.212771454815,6594.8700194575285,11685.150673227263,1.3111003207177403,0.48268701,1.461337574998062,7.747119859747355,-10.280804165356585
107,0.5639723145283226,HP_Cola,0.43602768547167736,4277.263633730121,2412.2582713625998,3071.134498048821,5090.280653769734,1.1900787722384547,0.51117625,1.3583286976769362,10.328348495909706,-12.386539850496328
108,0.6115673457876037,HP_Cola,0.38843265421239626,1865.0053623675212,1140.5763793427532,1294.7171726961446,2019.1461557209127,1.0826489813185942,0.54039544,1.2559062907171268,13.170337963548286,-13.795401032636127
109,0.6631790405287907,HP_Cola,0.33682095947120927,724.4289830247682,480.42611789361337,724.4289830247682,724.4289830247682,1,0.57020773,1.144688405,16.304814129543754,-12.639981707511042
